{\"menus\":[\"Catering Trays\",\"Platters\",\"Heros #### Sandwiches\",\"Buffets\",\"Extras\"],\"CateringTrays\":{\"title\":\"Hot Trays To Bring Home- All trays are prepared in 1/2 trays and they will serve 8 to 10 people. ( *Marked Items are $10.00 extra if included in buffets and all prices below do not include sales tax)\",\"items\":[{\"item\":\"Penne Ala Vodka\",\"description\":\"\",\"price\":\"33.95\"},{\"item\":\"Pasta Primavera\",\"description\":\"\",\"price\":\"36.95\"},{\"item\":\"Tortellini Alfredo\",\"description\":\"\",\"price\":\"37.95\"},{\"item\":\"Lasagna\",\"description\":\"\",\"price\":\"34.95\"},{\"item\":\"Baked Ziti\",\"description\":\"\",\"price\":\"28.95\"},{\"item\":\"Pasta #### Broccoli\",\"description\":\"\",\"price\":\"33.95\"},{\"item\":\"Stuffed Shells\",\"description\":\"\",\"price\":\"33.95\"},{\"item\":\"Manicotti\",\"description\":\"\",\"price\":\"36.95\"},{\"item\":\"Sausage #### Peppers\",\"description\":\"\",\"price\":\"36.95\"},{\"item\":\"Meatballs\",\"description\":\"\",\"price\":\"32.95\"},{\"item\":\"Steak Pizzaiole\",\"description\":\"\",\"price\":\"55.00\"},{\"item\":\"Shepard\'s Pie\",\"description\":\"\",\"price\":\"39.95\"},{\"item\":\"Roast Pork Loin in Gravy*\",\"description\":\"\",\"price\":\"53.95\"},{\"item\":\"Pork Chop Parmigiana\",\"description\":\"\",\"price\":\"41.95\"},{\"item\":\"Veal, Peppers #### Mushrooms*\",\"description\":\"\",\"price\":\"58.95\"},{\"item\":\"Veal Cutlet Parmigiana*\",\"description\":\"\",\"price\":\"61.95\"},{\"item\":\"Veal Francaise*\",\"description\":\"\",\"price\":\"61.95\"},{\"item\":\"Eggplant Rollatine\",\"description\":\"\",\"price\":\"38.95\"},{\"item\":\"Eggplant Parmigiana\",\"description\":\"\",\"price\":\"36.95\"},{\"item\":\"Chicken Fingers\",\"description\":\"\",\"price\":\"36.95\"},{\"item\":\"Chicken Francaise\",\"description\":\"\",\"price\":\"41.95\"},{\"item\":\"Chicken Cutlet Parmigiana\",\"description\":\"\",\"price\":\"41.95\"},{\"item\":\"Lemon Chicken \",\"description\":\"\",\"price\":\"41.95\"},{\"item\":\"Fried Chicken\",\"description\":\"\",\"price\":\"39.95\"},{\"item\":\"Chicken Marsala/white rice*\",\"description\":\"\",\"price\":\"48.95\"},{\"item\":\"Chicken Champagne/white rice*\",\"description\":\"\",\"price\":\"48.95\"},{\"item\":\"Chicken Cacciatore*\",\"description\":\"\",\"price\":\"41.95\"},{\"item\":\"Beef #### Broccoli\",\"description\":\"\",\"price\":\"51.95\"},{\"item\":\"Rice Pilaf\",\"description\":\"\",\"price\":\"22.00\"},{\"item\":\"White Rice\",\"description\":\"\",\"price\":\"10.00\"},{\"item\":\"Oven Roasted Potatoes\",\"description\":\"\",\"price\":\"29.95\"},{\"item\":\"String Bean Almondine\",\"description\":\"\",\"price\":\"29.95\"},{\"item\":\"Buffalo Wings\",\"description\":\"\",\"price\":\"50.00\"},{\"item\":\"Mashed Potatoes\",\"description\":\"\",\"price\":\"29.95\"}]},\"Platters\":{\"title\":\"Antipasto, Chunk Cheese, Vegetable and Fruit Platters all prepared fresh. ( Note: prices subject to change without notice due to market conditions.)\",\"items\":[{\"item\":\"Antipasto Platters\",\"description\":\"Includes Prosciutto w/ bread sticks, Mortadella, Fresh Mozzarella,Italian Cappicola, Soppressata, Artichoke Hearts, Olives, Roasted Peppers #### imported Provolone.\",\"price\":\"\"},{\"item\":\"16 Inch Platter\",\"description\":\"\",\"price\":\"79.95\"},{\"item\":\"18 Inch Platter\",\"description\":\"\",\"price\":\"99.95\"},{\"item\":\"Chuck Cheese Platters\",\"description\":\"Includes Smoked Gouda, Cheddar, Jalepeno Jack, Muenster, Havarti Dill, Pepperoni #### Garnished with Grapes.\",\"price\":\"\"},{\"item\":\"Small\",\"description\":\"Serves 10-15 people\",\"price\":\"43.95\"},{\"item\":\"Medium\",\"description\":\"Serves 20-25 people\",\"price\":\"56.95\"},{\"item\":\"Large\",\"description\":\"Serves 30-40 People\",\"price\":\"68.95\"},{\"item\":\"Fresh Vegetable PLatters\",\"description\":\"Includes Cucumbers, Celery, Baby Carrots, Broccoli Florets #### Cherry Tomatoes with dip\",\"price\":\"\"},{\"item\":\"Small\",\"description\":\"Serves 10-15 people\",\"price\":\"25.95\"},{\"item\":\"Medium\",\"description\":\"Serves 15-25 people\",\"price\":\"35.95\"},{\"item\":\"Large\",\"description\":\"Serves 25-30 people\",\"price\":\"45.95\"},{\"item\":\"Fruit Platters\",\"description\":\"Assorted Seasonal Fruit\",\"price\":\"\"},{\"item\":\"Small\",\"description\":\"Serves 10-15 people\",\"price\":\"36.95\"},{\"item\":\"Medium\",\"description\":\"Serves 20-25 people\",\"price\":\"48.95\"},{\"item\":\"Large \",\"description\":\"Serves 25-30 people\",\"price\":\"57.95\"},{\"item\":\"Mozzarella #### Tomato Platters\",\"description\":\"Come with sliced mozzarella and sliced tomato with basil on top with a drizzle of oil.\",\"price\":\"\"},{\"item\":\"Small\",\"description\":\"\",\"price\":\"28.95\"},{\"item\":\"Medium\",\"description\":\"\",\"price\":\"38.95\"},{\"item\":\"Large\",\"description\":\"\",\"price\":\"48.95\"}]},
\"Heros####Sandwiches\":{\"title\":\"Our 'One of a Kind' Over Stuffed Heros, also we have our Petite Heros, Finger Sandwiches, Baby Kaiser Sandwiches #### Wraps.\",
\"items\":[{\"item\":\"Italian Style Hero\",\"description\":\"Genoa Salami, Ham, Pepperoni, Ham Cappy, Provolone, Lettuce, Tomatoes, Onions, Peppers, Spices, Oil #### Vinegar\",\"price\":\"\"},{\"item\":\"Small or 2ft.\",\"description\":\"Has about 15 slices.\",\"price\":\"39.00\"},{\"item\":\"Medium or 3ft.\",\"description\":\"Has about 25 slices.\",\"price\":\"58.00\"},{\"item\":\"Large or 4ft.\",\"description\":\"Has about 34 slices.\",\"price\":\"77.00\"},{\"item\":\"American Style Hero\",\"description\":\"Ham, Roast Beef, Turkey, Swiss, Lettuce #### Tomatoes.\",\"price\":\"\"},{\"item\":\"Small or 2ft.\",\"description\":\"15 slices.\",\"price\":\"40.00\"},{\"item\":\"Medium or 3ft.\",\"description\":\"25 slices.\",\"price\":\"60.00\"},{\"item\":\"Large or 4ft.\",\"description\":\"34 slices.\",\"price\":\"80.00\"},{\"item\":\"Eggplant Style Hero\",\"description\":\"Fried Eggplant, Roasted Peppers #### Mozzarella.\",\"price\":\"\"},{\"item\":\"Small or 2ft.\",\"description\":\"15 slices.\",\"price\":\"41.00\"},{\"item\":\"Medium or 3ft.\",\"description\":\"25 slices.\",\"price\":\"60.00\"},{\"item\":\"Large of 4ft.\",\"description\":\"34 slices.\",\"price\":\"80.00\"},{\"item\":\"Breaded Chicken or Grilled Chicken Cutlet Style Hero\",\"description\":\"Breaded Chicken Cutlets or Grilled Chicken Cutlets with Mozzarella #### Roasted Peppers\",\"price\":\"\"},{\"item\":\"Small or 2ft.\",\"description\":\"15 slices.\",\"price\":\"45.00\"},{\"item\":\"Medium or 3ft.\",\"description\":\"25 slices.\",\"price\":\"67.00\"},{\"item\":\"Large or 4ft.\",\"description\":\"34.slices\",\"price\":\"89.00\"},{\"item\":\"Baby Kaiser Sandwiches\",\"description\":\"Prepared by order of customer.\",\"price\":\"3.25 each\"},{\"item\":\"Finger Sandwiches\",\"description\":\"Prepared by order of customer.\",\"price\":\"5.75 each\"},{\"item\":\"Petite Heros\",\"description\":\"Prepared by order of customer.\",\"price\":\"26.50 each\"},{\"item\":\"Specialty Petite Heros\",\"description\":\"Prepared by order of customer\",\"price\":\"29.50 each\"},{\"item\":\"Wraps\",\"description\":\"Prepared by order of customer.\",\"price\":\"7.50 each\"}]},\"Buffets\":{\"title\":\"Buffets are all based on 50 guests but will be adjusted based on guest number.\",\"items\":[{\"item\":\"Hot #### Cold Buffet\",\"description\":\"Package includes 8 hot trays and we suggest 3 choices of hot entrees. This also includes 2 Large Platters of Cold Cuts, Potato Salad, Macaroni Salad, Coleslaw, Olives, Pickles, Mustard, Mayo, Butter, Potato Chips, Rolls, White #### Rye Bread.\",\"price\":\"11.50 per person\"},{\"item\":\"Hot Buffet\",\"description\":\"Package includes 12 hot trays and we suggest 4 choices or 5 choices at the most. This also includes Tossed Salad with Italian dressing and Italian Bread or Dinner Rolls with butter\",\"price\":\"10.95 per person\"},{\"item\":\"Cold Buffet\",\"description\":\"Package includes 2 Large Platters of Beautifully Arranged Cold Cuts and also comes with Potato Salad, Macaroni Salad, Coleslaw, Pickles, Condiments #### Potato Chips\",\"price\":\"7.95 per person\"},{\"item\":\"Italian Style Buffet\",\"description\":\"Prosciutto, Ham Cappicola, Genoa Salami, Pepperoni, Provolone, Roasted Pepper Salad, Macaroni #### Potato Salad, with Bread and Butter. Also Available are our Mozzarella #### Tomatoe Platters\",\"price\":\"10.95 per person\"}]},\"Extras\":{\"title\":\"Extra items including salad, bread, and rack set ups ect.\",\"items\":[{\"item\":\"Tossed Salad\",\"description\":\"Smallest salad made is for 10 people.\",\"price\":\"1.75 per person\"},{\"item\":\"Italian Bread\",\"description\":\"One loaf.\",\"price\":\"3.00\"},{\"item\":\"Baby Kaiser Rolls\",\"description\":\"Item Description\",\"price\":\"4.00 per doz\"},{\"item\":\"Rack set up\",\"description\":\"Includes Racks, Sternos, Waterpans, Serving Spoons. (With each metal rack returned a $2.00 refund will apply if you are charged a deposit on the rack.)\",\"price\":\"5.00 for one\"},{\"item\":\"S####S Cheesecake\",\"description\":\"Small\",\"price\":\"22.00\"},{\"item\":\"S####S Cheesecake\",\"description\":\"Large\",\"price\":\"35.00\"},{\"item\":\"Mini Pastries\",\"description\":\"Custom pastries and deserts Shop Located in Park Ridge, NJ. (Le Petit Gateau)\",\"price\":\"13.95 per doz\"},{\"item\":\"Cakes Provided By Le Petit Gateau\",\"description\":\"Cakes Fillings, Icings, and sizes will be discussed per order.\",\"price\":\"Prices vary from cake to cake.\"}]}}